{"cameraMode":{"drawMode":0,"name":"Shaded","section":"Shading Mode"},"sceneLighting":false,"audioPlay":false,"sceneViewState":{"showFog":false,"showMaterialUpdate":false,"showSkybox":false,"showFlares":false,"showImageEffects":false,"showParticleSystems":false},"in2DMode":false,"pivot":{"x":-198.67127990722657,"y":25.781169891357423,"z":-125.25367736816406},"rotation":{"x":-0.18429456651210786,"y":-0.663355827331543,"z":0.17360639572143556,"w":-0.7041700482368469},"size":20.092941284179689,"orthographic":false}