{"cameraMode":{"drawMode":0,"name":"Shaded","section":"Shading Mode"},"sceneLighting":false,"audioPlay":false,"sceneViewState":{"showFog":false,"showMaterialUpdate":false,"showSkybox":false,"showFlares":false,"showImageEffects":false,"showParticleSystems":false},"in2DMode":false,"pivot":{"x":5.672951698303223,"y":14.94193172454834,"z":1.3094176054000855},"rotation":{"x":-0.5578160285949707,"y":0.17695267498493195,"z":-0.16573546826839448,"w":-0.7937637567520142},"size":0.9598430395126343,"orthographic":false}