{"cameraMode":{"drawMode":0,"name":"Shaded","section":"Shading Mode"},"sceneLighting":false,"audioPlay":false,"sceneViewState":{"showFog":false,"showMaterialUpdate":false,"showSkybox":false,"showFlares":false,"showImageEffects":false,"showParticleSystems":false},"in2DMode":false,"pivot":{"x":0.0000133514404296875,"y":0.1985158920288086,"z":0.17683029174804688},"rotation":{"x":-0.0027988634537905456,"y":-0.7209117412567139,"z":-0.04457848519086838,"w":-0.6915860176086426},"size":20.0521297454834,"orthographic":false}