{"cameraMode":{"drawMode":0,"name":"Shaded","section":"Shading Mode"},"sceneLighting":false,"audioPlay":false,"sceneViewState":{"showFog":false,"showMaterialUpdate":false,"showSkybox":false,"showFlares":false,"showImageEffects":false,"showParticleSystems":false},"in2DMode":false,"pivot":{"x":23.229211807250978,"y":1.1500005722045899,"z":0.8642480373382568},"rotation":{"x":-0.22536978125572205,"y":0.030210809782147409,"z":-0.0069906385615468029,"w":-0.9737797379493713},"size":4.735859394073486,"orthographic":false}