{"cameraMode":{"drawMode":0,"name":"Shaded","section":"Shading Mode"},"sceneLighting":false,"audioPlay":false,"sceneViewState":{"showFog":false,"showMaterialUpdate":false,"showSkybox":false,"showFlares":false,"showImageEffects":false,"showParticleSystems":false},"in2DMode":false,"pivot":{"x":-130.7758331298828,"y":2.6286044120788576,"z":-101.16219329833985},"rotation":{"x":0.2964889705181122,"y":0.533701479434967,"z":-0.20698216557502747,"w":0.7644706964492798},"size":71.52482604980469,"orthographic":false}