{"cameraMode":{"drawMode":0,"name":"Shaded","section":"Shading Mode"},"sceneLighting":true,"audioPlay":false,"sceneViewState":{"showFog":false,"showMaterialUpdate":false,"showSkybox":false,"showFlares":false,"showImageEffects":false,"showParticleSystems":false},"in2DMode":false,"pivot":{"x":-78.49576568603516,"y":-29.397199630737306,"z":-115.75736236572266},"rotation":{"x":-0.16729697585105897,"y":-0.6763514280319214,"z":0.161912202835083,"w":-0.6988168358802795},"size":120.45878601074219,"orthographic":false}