{"cameraMode":{"drawMode":0,"name":"Shaded","section":"Shading Mode"},"sceneLighting":false,"audioPlay":false,"sceneViewState":{"showFog":false,"showMaterialUpdate":false,"showSkybox":false,"showFlares":false,"showImageEffects":false,"showParticleSystems":false},"in2DMode":false,"pivot":{"x":46.52848434448242,"y":18.484182357788087,"z":9.310029029846192},"rotation":{"x":-0.00008644174522487447,"y":-0.999908983707428,"z":0.006978717632591724,"w":-0.011546696536242962},"size":2.3126933574676515,"orthographic":false}