{"cameraMode":{"drawMode":0,"name":"Shaded","section":"Shading Mode"},"sceneLighting":false,"audioPlay":false,"sceneViewState":{"showFog":false,"showMaterialUpdate":false,"showSkybox":false,"showFlares":false,"showImageEffects":false,"showParticleSystems":false},"in2DMode":false,"pivot":{"x":-122.94046020507813,"y":-4.961021900177002,"z":201.8977813720703},"rotation":{"x":-0.1879459023475647,"y":0.7100818157196045,"z":-0.20646871626377107,"w":-0.6463983654975891},"size":24.014814376831056,"orthographic":false}