{"cameraMode":{"drawMode":0,"name":"Shaded","section":"Shading Mode"},"sceneLighting":false,"audioPlay":false,"sceneViewState":{"showFog":false,"showMaterialUpdate":false,"showSkybox":false,"showFlares":false,"showImageEffects":false,"showParticleSystems":false},"in2DMode":false,"pivot":{"x":-40.965789794921878,"y":0.8716961741447449,"z":181.35093688964845},"rotation":{"x":0.24186620116233827,"y":-0.7305831909179688,"z":0.3197636902332306,"w":0.5527207255363464},"size":15.409143447875977,"orthographic":false}