{"cameraMode":{"drawMode":0,"name":"Shaded","section":"Shading Mode"},"sceneLighting":true,"audioPlay":false,"sceneViewState":{"showFog":false,"showMaterialUpdate":false,"showSkybox":false,"showFlares":false,"showImageEffects":false,"showParticleSystems":false},"in2DMode":false,"pivot":{"x":-171.5482940673828,"y":-208.98556518554688,"z":113.681396484375},"rotation":{"x":-0.31326723098754885,"y":0.4676077663898468,"z":-0.1814216673374176,"w":-0.8064073324203491},"size":314.72796630859377,"orthographic":false}