{"cameraMode":{"drawMode":0,"name":"Shaded","section":"Shading Mode"},"sceneLighting":false,"audioPlay":false,"sceneViewState":{"showFog":false,"showMaterialUpdate":false,"showSkybox":false,"showFlares":false,"showImageEffects":false,"showParticleSystems":false},"in2DMode":false,"pivot":{"x":-9.960325241088868,"y":0.07059657573699951,"z":-26.989351272583009},"rotation":{"x":-0.23895947635173798,"y":0.5743690133094788,"z":-0.18013286590576173,"w":-0.7619388699531555},"size":2.3932716846466066,"orthographic":false}