{"cameraMode":{"drawMode":0,"name":"Shaded","section":"Shading Mode"},"sceneLighting":false,"audioPlay":false,"sceneViewState":{"showFog":true,"showMaterialUpdate":false,"showSkybox":false,"showFlares":true,"showImageEffects":true,"showParticleSystems":true},"in2DMode":false,"pivot":{"x":0.16706490516662599,"y":1.0920274257659913,"z":-10.079384803771973},"rotation":{"x":-0.2767699360847473,"y":-0.3864210247993469,"z":0.12275846302509308,"w":-0.8712104558944702},"size":4.7358574867248539,"orthographic":false}