{"cameraMode":{"drawMode":0,"name":"Shaded","section":"Shading Mode"},"sceneLighting":false,"audioPlay":false,"sceneViewState":{"showFog":false,"showMaterialUpdate":false,"showSkybox":false,"showFlares":false,"showImageEffects":false,"showParticleSystems":false},"in2DMode":false,"pivot":{"x":-135.70001220703126,"y":-31.479595184326173,"z":196.78428649902345},"rotation":{"x":0.3126705586910248,"y":-0.6039305329322815,"z":0.27916058897972109,"w":0.6779191493988037},"size":98.74859619140625,"orthographic":false}