{"cameraMode":{"drawMode":0,"name":"Shaded","section":"Shading Mode"},"sceneLighting":false,"audioPlay":false,"sceneViewState":{"showFog":true,"showMaterialUpdate":false,"showSkybox":false,"showFlares":true,"showImageEffects":true,"showParticleSystems":true},"in2DMode":false,"pivot":{"x":5.853775978088379,"y":-14.62639045715332,"z":9.151164054870606},"rotation":{"x":0.40823355317115786,"y":0.42231395840644839,"z":-0.22147545218467713,"w":0.7784246206283569},"size":33.37422180175781,"orthographic":false}