{"cameraMode":{"drawMode":0,"name":"Shaded","section":"Shading Mode"},"sceneLighting":true,"audioPlay":false,"sceneViewState":{"showFog":false,"showMaterialUpdate":false,"showSkybox":false,"showFlares":false,"showImageEffects":false,"showParticleSystems":false},"in2DMode":false,"pivot":{"x":-151.24595642089845,"y":-28.234464645385743,"z":227.6475372314453},"rotation":{"x":-0.17632073163986207,"y":-0.6933916211128235,"z":0.13025972247123719,"w":-0.686404824256897},"size":254.75408935546876,"orthographic":false}