{"cameraMode":{"drawMode":0,"name":"Shaded","section":"Shading Mode"},"sceneLighting":true,"audioPlay":false,"sceneViewState":{"showFog":false,"showMaterialUpdate":false,"showSkybox":false,"showFlares":false,"showImageEffects":false,"showParticleSystems":false},"in2DMode":false,"pivot":{"x":104.3051528930664,"y":2.8845558166503908,"z":143.13809204101563},"rotation":{"x":0.24550761282444,"y":0.05366196855902672,"z":-0.01361472625285387,"w":0.9678125381469727},"size":40.0194091796875,"orthographic":false}