{"cameraMode":{"drawMode":0,"name":"Shaded","section":"Shading Mode"},"sceneLighting":true,"audioPlay":false,"sceneViewState":{"showFog":false,"showMaterialUpdate":false,"showSkybox":false,"showFlares":false,"showImageEffects":false,"showParticleSystems":false},"in2DMode":false,"pivot":{"x":22.017375946044923,"y":1.7087318897247315,"z":-0.5921418070793152},"rotation":{"x":0.19588342308998109,"y":0.7299278974533081,"z":-0.23373602330684663,"w":0.6117209196090698},"size":4.041658401489258,"orthographic":false}