{"cameraMode":{"drawMode":0,"name":"Shaded","section":"Shading Mode"},"sceneLighting":true,"audioPlay":false,"sceneViewState":{"showFog":false,"showMaterialUpdate":false,"showSkybox":false,"showFlares":false,"showImageEffects":false,"showParticleSystems":false},"in2DMode":false,"pivot":{"x":-292.69000244140627,"y":5.143110752105713,"z":148.78953552246095},"rotation":{"x":-0.22778716683387757,"y":0.7558194994926453,"z":-0.514780580997467,"w":-0.33444127440452578},"size":49.51456832885742,"orthographic":false}