{"cameraMode":{"drawMode":0,"name":"Shaded","section":"Shading Mode"},"sceneLighting":false,"audioPlay":false,"sceneViewState":{"showFog":false,"showMaterialUpdate":false,"showSkybox":false,"showFlares":false,"showImageEffects":false,"showParticleSystems":false},"in2DMode":false,"pivot":{"x":-46.25007629394531,"y":1.3491230010986329,"z":183.44683837890626},"rotation":{"x":0.14437206089496613,"y":-0.855523943901062,"z":0.34573259949684145,"w":0.3573576807975769},"size":28.037202835083009,"orthographic":false}