{"cameraMode":{"drawMode":0,"name":"Shaded","section":"Shading Mode"},"sceneLighting":false,"audioPlay":false,"sceneViewState":{"showFog":false,"showMaterialUpdate":false,"showSkybox":false,"showFlares":false,"showImageEffects":false,"showParticleSystems":false},"in2DMode":false,"pivot":{"x":-309.1833801269531,"y":16.151512145996095,"z":94.12176513671875},"rotation":{"x":-0.363427996635437,"y":0.58778315782547,"z":-0.33297857642173769,"w":-0.6415265798568726},"size":73.96407318115235,"orthographic":false}