{"cameraMode":{"drawMode":0,"name":"Shaded","section":"Shading Mode"},"sceneLighting":false,"audioPlay":false,"sceneViewState":{"showFog":true,"showMaterialUpdate":false,"showSkybox":false,"showFlares":true,"showImageEffects":true,"showParticleSystems":true},"in2DMode":false,"pivot":{"x":-11.400161743164063,"y":4.968440055847168,"z":18.599210739135743},"rotation":{"x":0.030933961272239686,"y":0.9366561770439148,"z":-0.3381994366645813,"w":0.08567126840353012},"size":88.38153076171875,"orthographic":false}