{"cameraMode":{"drawMode":0,"name":"Shaded","section":"Shading Mode"},"sceneLighting":false,"audioPlay":false,"sceneViewState":{"showFog":false,"showMaterialUpdate":false,"showSkybox":false,"showFlares":false,"showImageEffects":false,"showParticleSystems":false},"in2DMode":false,"pivot":{"x":0.051527976989746097,"y":1.325628638267517,"z":0.022339534014463426},"rotation":{"x":-0.153941810131073,"y":0.17022374272346497,"z":-0.026930946856737138,"w":-0.9729340076446533},"size":8.569870948791504,"orthographic":false}