{"cameraMode":{"drawMode":0,"name":"Shaded","section":"Shading Mode"},"sceneLighting":false,"audioPlay":false,"sceneViewState":{"showFog":false,"showMaterialUpdate":false,"showSkybox":false,"showFlares":false,"showImageEffects":false,"showParticleSystems":false},"in2DMode":false,"pivot":{"x":2.2602956295013429,"y":2.3900930881500246,"z":0.12769760191440583},"rotation":{"x":0.21113596856594087,"y":-0.6399486660957336,"z":0.18917912244796754,"w":0.7142118215560913},"size":7.6629180908203129,"orthographic":false}