{"cameraMode":{"drawMode":0,"name":"Shaded","section":"Shading Mode"},"sceneLighting":true,"audioPlay":false,"sceneViewState":{"showFog":false,"showMaterialUpdate":false,"showSkybox":false,"showFlares":false,"showImageEffects":false,"showParticleSystems":false},"in2DMode":false,"pivot":{"x":-43.2526741027832,"y":-103.79351043701172,"z":143.9302978515625},"rotation":{"x":0.26378366351127627,"y":-0.4549998641014099,"z":0.14325280487537385,"w":0.8383745551109314},"size":391.9914245605469,"orthographic":false}