{"cameraMode":{"drawMode":0,"name":"Shaded","section":"Shading Mode"},"sceneLighting":false,"audioPlay":false,"sceneViewState":{"showFog":false,"showMaterialUpdate":false,"showSkybox":false,"showFlares":false,"showImageEffects":false,"showParticleSystems":false},"in2DMode":false,"pivot":{"x":-121.97206115722656,"y":15.224041938781739,"z":-137.02650451660157},"rotation":{"x":0.4787183403968811,"y":-0.1547284573316574,"z":0.08614280074834824,"w":0.8599228858947754},"size":71.52482604980469,"orthographic":false}