{"cameraMode":{"drawMode":0,"name":"Shaded","section":"Shading Mode"},"sceneLighting":true,"audioPlay":false,"sceneViewState":{"showFog":true,"showMaterialUpdate":false,"showSkybox":true,"showFlares":true,"showImageEffects":true,"showParticleSystems":true},"in2DMode":false,"pivot":{"x":143.63616943359376,"y":-1225.908203125,"z":435.9691467285156},"rotation":{"x":0.5671883225440979,"y":0.10740020126104355,"z":-0.07491603493690491,"w":0.813111424446106},"size":1321.8896484375,"orthographic":false}