{"cameraMode":{"drawMode":0,"name":"Shaded","section":"Shading Mode"},"sceneLighting":true,"audioPlay":false,"sceneViewState":{"showFog":false,"showMaterialUpdate":false,"showSkybox":false,"showFlares":false,"showImageEffects":false,"showParticleSystems":false},"in2DMode":false,"pivot":{"x":-90.3290023803711,"y":-152.69337463378907,"z":76.46793365478516},"rotation":{"x":0.3550809621810913,"y":-0.445354700088501,"z":0.1983529031276703,"w":0.7976420521736145},"size":232.55307006835938,"orthographic":false}