{"cameraMode":{"drawMode":0,"name":"Shaded","section":"Shading Mode"},"sceneLighting":false,"audioPlay":false,"sceneViewState":{"showFog":false,"showMaterialUpdate":false,"showSkybox":false,"showFlares":false,"showImageEffects":false,"showParticleSystems":false},"in2DMode":false,"pivot":{"x":-12.130464553833008,"y":0.39231157302856448,"z":-27.98227882385254},"rotation":{"x":-0.27717527747154238,"y":-0.704563319683075,"z":0.35691866278648379,"w":-0.5471503138542175},"size":2.3932716846466066,"orthographic":false}