{"cameraMode":{"drawMode":0,"name":"Shaded","section":"Shading Mode"},"sceneLighting":true,"audioPlay":false,"sceneViewState":{"showFog":false,"showMaterialUpdate":false,"showSkybox":false,"showFlares":false,"showImageEffects":false,"showParticleSystems":false},"in2DMode":false,"pivot":{"x":152.63482666015626,"y":-139.37869262695313,"z":-222.61871337890626},"rotation":{"x":-0.06034689024090767,"y":-0.9394662380218506,"z":0.23885411024093629,"w":-0.2381393164396286},"size":314.72796630859377,"orthographic":false}