{"cameraMode":{"drawMode":0,"name":"Shaded","section":"Shading Mode"},"sceneLighting":false,"audioPlay":false,"sceneViewState":{"showFog":false,"showMaterialUpdate":false,"showSkybox":false,"showFlares":false,"showImageEffects":false,"showParticleSystems":false},"in2DMode":false,"pivot":{"x":1.7630953788757325,"y":1.95664381980896,"z":1.7422773838043213},"rotation":{"x":0.1081576943397522,"y":-0.6795302629470825,"z":0.10230490565299988,"w":0.7183831334114075},"size":7.6629180908203129,"orthographic":false}