{"cameraMode":{"drawMode":0,"name":"Shaded","section":"Shading Mode"},"sceneLighting":true,"audioPlay":false,"sceneViewState":{"showFog":false,"showMaterialUpdate":false,"showSkybox":false,"showFlares":false,"showImageEffects":false,"showParticleSystems":false},"in2DMode":false,"pivot":{"x":51.14580154418945,"y":-41.67707061767578,"z":24.763824462890626},"rotation":{"x":0.45959746837615969,"y":-0.06238829344511032,"z":0.069658562541008,"w":0.8831906318664551},"size":124.75289154052735,"orthographic":false}